Part_ID,Group,School,Grade,Age,Use,Use_School,Exposure_Score,Exposure_Group,Exposure_Binary,DELE,BESA_Other,BESA_Subj,AoA_ENG,AoA_SPA,Langs,Age_Arrival,Task,Item,Verb,Short_Prop,Property,Structure,Mood_Use,Mood_Freq,DOM_Use,Agr_Use,Comp_Use,Prod_Code,Davies,CORPES,WordList,Davies_Std,CORPES_Std,LOR,Composite_Freq,Use_Std,Use_Joint,Use_Joint_Std,BESA_Other_Std,BESA_Subj_Std,BESA_Total,BESA_Total_Std,DELE_Std,Exposure_Score_Std
H8B03,DLI-7/8,GBCS,8,NA,16,1,2,2 SPA/0 ENG,Monolingual,NA,8,2,NA,0,0,NA,EPT,EPT-02,llamar,Intensional,Intensional subjunctive,Subjunctive,0,0,0,1,NA,IND,303936,207733,8248273,0.2762036834377904,0.8786135231177878,NA,0.5774086032777891,0.08172441174367205,17,-0.20015510087064417,-1.777336474989919,-0.30230702732495923,10,-1.5512630699850574,NA,1.1692679333668567
H8B03,DLI-7/8,GBCS,8,NA,16,1,2,2 SPA/0 ENG,Monolingual,NA,8,2,NA,0,0,NA,EPT,EPT-08,peinar,Intensional,Intensional subjunctive,Subjunctive,0,0,0,1,NA,IND,6151,3173,91504,-0.9850513816679927,-1.0663165084273154,NA,-1.025683945047654,0.08172441174367205,17,-0.20015510087064417,-1.777336474989919,-0.30230702732495923,10,-1.5512630699850574,NA,1.1692679333668567
H8B03,DLI-7/8,GBCS,8,NA,16,1,2,2 SPA/0 ENG,Monolingual,NA,8,2,NA,0,0,NA,EPT,EPT-10,nadar,Polarity,Polarity subjunctive,Subjunctive,0,0,NA,1,NA,IND,27224,5128,182321,-0.8957976315228404,-1.047728621197795,NA,-0.9717631263603177,0.08172441174367205,17,-0.20015510087064417,-1.777336474989919,-0.30230702732495923,10,-1.5512630699850574,NA,1.1692679333668567
H8B03,DLI-7/8,GBCS,8,NA,16,1,2,2 SPA/0 ENG,Monolingual,NA,8,2,NA,0,0,NA,EPT,EPT-14,pintar,Intensional,Intensional subjunctive,Subjunctive,0,0,0,NA,NA,INF,45606,22466,893704,-0.8179414916676613,-0.8828811589034609,NA,-0.8504113252855611,0.08172441174367205,17,-0.20015510087064417,-1.777336474989919,-0.30230702732495923,10,-1.5512630699850574,NA,1.1692679333668567
H8B03,DLI-7/8,GBCS,8,NA,16,1,2,2 SPA/0 ENG,Monolingual,NA,8,2,NA,0,0,NA,EPT,EPT-20,tratar,Intensional,Intensional subjunctive,Subjunctive,1,1,0,1,NA,SUBJ,590952,203027,9516595,1.4918471301070364,0.8338694835770601,NA,1.1628583068420482,0.08172441174367205,17,-0.20015510087064417,-1.777336474989919,-0.30230702732495923,10,-1.5512630699850574,NA,1.1692679333668567
H8B03,DLI-7/8,GBCS,8,NA,16,1,2,2 SPA/0 ENG,Monolingual,NA,8,2,NA,0,0,NA,EPT,EPT-22,hablar,Polarity,Polarity subjunctive,Subjunctive,0,0,NA,1,NA,IND,464270,255835,8432028,0.95529117813588,1.3359611198003385,NA,1.1456261489681092,0.08172441174367205,17,-0.20015510087064417,-1.777336474989919,-0.30230702732495923,10,-1.5512630699850574,NA,1.1692679333668567
H8B03,DLI-7/8,GBCS,8,NA,16,1,2,2 SPA/0 ENG,Monolingual,NA,8,2,NA,0,0,NA,EPT,EPT-26,mirar,Intensional,Intensional subjunctive,Subjunctive,0,NA,0,1,NA,IND,186441,197558,3683993,-0.22144114042709193,0.7818709386879314,NA,0.28021489913041975,0.08172441174367205,17,-0.20015510087064417,-1.777336474989919,-0.30230702732495923,10,-1.5512630699850574,NA,1.1692679333668567
H8B03,DLI-7/8,GBCS,8,NA,16,1,2,2 SPA/0 ENG,Monolingual,NA,8,2,NA,0,0,NA,EPT,EPT-32,llevar,Intensional,Intensional subjunctive,Subjunctive,1,1,0,1,NA,SUBJ,418316,301022,13841181,0.7606550639532612,1.7655932733759574,NA,1.2631241686646093,0.08172441174367205,17,-0.20015510087064417,-1.777336474989919,-0.30230702732495923,10,-1.5512630699850574,NA,1.1692679333668567
H8B03,DLI-7/8,GBCS,8,NA,16,1,2,2 SPA/0 ENG,Monolingual,NA,8,2,NA,0,0,NA,EPT,EPT-34,bajar,Polarity,Polarity subjunctive,Subjunctive,0,0,NA,1,NA,IND,284649,62583,1981927,0.19451445650998933,-0.5014539098054217,NA,-0.1534697266477162,0.08172441174367205,17,-0.20015510087064417,-1.777336474989919,-0.30230702732495923,10,-1.5512630699850574,NA,1.1692679333668567
H8B03,DLI-7/8,GBCS,8,NA,16,1,2,2 SPA/0 ENG,Monolingual,NA,8,2,NA,0,0,NA,EPT,EPT-38,amar,Intensional,Intensional subjunctive,Subjunctive,1,1,0,1,NA,IND,60260,28864,1318934,-0.7558751292784874,-0.8220498021287954,NA,-0.7889624657036414,0.08172441174367205,17,-0.20015510087064417,-1.777336474989919,-0.30230702732495923,10,-1.5512630699850574,NA,1.1692679333668567
H8B03,DLI-7/8,GBCS,8,NA,16,1,2,2 SPA/0 ENG,Monolingual,NA,8,2,NA,0,0,NA,EPT,EPT-42,cuidar,Intensional,Intensional subjunctive,Subjunctive,NA,NA,NA,NA,NA,NA,208160,26928,1534607,-0.12945128613949347,-0.8404570398149086,NA,-0.48495416297720106,0.08172441174367205,17,-0.20015510087064417,-1.777336474989919,-0.30230702732495923,10,-1.5512630699850574,NA,1.1692679333668567
H8B03,DLI-7/8,GBCS,8,NA,16,1,2,2 SPA/0 ENG,Monolingual,NA,8,2,NA,0,0,NA,EPT,EPT-44,entrar,Polarity,Polarity subjunctive,Subjunctive,0,0,NA,1,NA,IND,207551,129316,4429528,-0.13203067843477168,0.13303482599385175,NA,5.020737795400354e-4,0.08172441174367205,17,-0.20015510087064417,-1.777336474989919,-0.30230702732495923,10,-1.5512630699850574,NA,1.1692679333668567
H8B04,DLI-7/8,GBCS,8,NA,19,3,2,2 SPA/0 ENG,Monolingual,NA,11,3,5,0,2,NA,EPT,EPT-02,llamar,Intensional,Intensional subjunctive,Subjunctive,1,1,1,1,NA,SUBJ,303936,207733,8248273,0.2762036834377904,0.8786135231177878,NA,0.5774086032777891,0.755950808628967,22,0.7172224447864758,-0.41333406395114425,0.36276843278994975,14,-0.12927192249875524,NA,1.1692679333668567
H8B04,DLI-7/8,GBCS,8,NA,19,3,2,2 SPA/0 ENG,Monolingual,NA,11,3,5,0,2,NA,EPT,EPT-08,peinar,Intensional,Intensional subjunctive,Subjunctive,1,1,1,1,NA,SUBJ,6151,3173,91504,-0.9850513816679927,-1.0663165084273154,NA,-1.025683945047654,0.755950808628967,22,0.7172224447864758,-0.41333406395114425,0.36276843278994975,14,-0.12927192249875524,NA,1.1692679333668567
H8B04,DLI-7/8,GBCS,8,NA,19,3,2,2 SPA/0 ENG,Monolingual,NA,11,3,5,0,2,NA,EPT,EPT-10,nadar,Polarity,Polarity subjunctive,Subjunctive,1,1,NA,1,NA,SUBJ,27224,5128,182321,-0.8957976315228404,-1.047728621197795,NA,-0.9717631263603177,0.755950808628967,22,0.7172224447864758,-0.41333406395114425,0.36276843278994975,14,-0.12927192249875524,NA,1.1692679333668567
H8B04,DLI-7/8,GBCS,8,NA,19,3,2,2 SPA/0 ENG,Monolingual,NA,11,3,5,0,2,NA,EPT,EPT-14,pintar,Intensional,Intensional subjunctive,Subjunctive,1,1,1,1,NA,SUBJ,45606,22466,893704,-0.8179414916676613,-0.8828811589034609,NA,-0.8504113252855611,0.755950808628967,22,0.7172224447864758,-0.41333406395114425,0.36276843278994975,14,-0.12927192249875524,NA,1.1692679333668567
H8B04,DLI-7/8,GBCS,8,NA,19,3,2,2 SPA/0 ENG,Monolingual,NA,11,3,5,0,2,NA,EPT,EPT-20,tratar,Intensional,Intensional subjunctive,Subjunctive,1,1,1,1,NA,SUBJ,590952,203027,9516595,1.4918471301070364,0.8338694835770601,NA,1.1628583068420482,0.755950808628967,22,0.7172224447864758,-0.41333406395114425,0.36276843278994975,14,-0.12927192249875524,NA,1.1692679333668567
H8B04,DLI-7/8,GBCS,8,NA,19,3,2,2 SPA/0 ENG,Monolingual,NA,11,3,5,0,2,NA,EPT,EPT-22,hablar,Polarity,Polarity subjunctive,Subjunctive,1,1,NA,1,NA,SUBJ,464270,255835,8432028,0.95529117813588,1.3359611198003385,NA,1.1456261489681092,0.755950808628967,22,0.7172224447864758,-0.41333406395114425,0.36276843278994975,14,-0.12927192249875524,NA,1.1692679333668567
H8B04,DLI-7/8,GBCS,8,NA,19,3,2,2 SPA/0 ENG,Monolingual,NA,11,3,5,0,2,NA,EPT,EPT-26,mirar,Intensional,Intensional subjunctive,Subjunctive,1,1,1,1,NA,SUBJ,186441,197558,3683993,-0.22144114042709193,0.7818709386879314,NA,0.28021489913041975,0.755950808628967,22,0.7172224447864758,-0.41333406395114425,0.36276843278994975,14,-0.12927192249875524,NA,1.1692679333668567
H8B04,DLI-7/8,GBCS,8,NA,19,3,2,2 SPA/0 ENG,Monolingual,NA,11,3,5,0,2,NA,EPT,EPT-32,llevar,Intensional,Intensional subjunctive,Subjunctive,1,1,1,1,NA,SUBJ,418316,301022,13841181,0.7606550639532612,1.7655932733759574,NA,1.2631241686646093,0.755950808628967,22,0.7172224447864758,-0.41333406395114425,0.36276843278994975,14,-0.12927192249875524,NA,1.1692679333668567
H8B04,DLI-7/8,GBCS,8,NA,19,3,2,2 SPA/0 ENG,Monolingual,NA,11,3,5,0,2,NA,EPT,EPT-34,bajar,Polarity,Polarity subjunctive,Subjunctive,1,1,NA,1,NA,SUBJ,284649,62583,1981927,0.19451445650998933,-0.5014539098054217,NA,-0.1534697266477162,0.755950808628967,22,0.7172224447864758,-0.41333406395114425,0.36276843278994975,14,-0.12927192249875524,NA,1.1692679333668567
H8B04,DLI-7/8,GBCS,8,NA,19,3,2,2 SPA/0 ENG,Monolingual,NA,11,3,5,0,2,NA,EPT,EPT-38,amar,Intensional,Intensional subjunctive,Subjunctive,1,1,1,1,NA,SUBJ,60260,28864,1318934,-0.7558751292784874,-0.8220498021287954,NA,-0.7889624657036414,0.755950808628967,22,0.7172224447864758,-0.41333406395114425,0.36276843278994975,14,-0.12927192249875524,NA,1.1692679333668567
H8B04,DLI-7/8,GBCS,8,NA,19,3,2,2 SPA/0 ENG,Monolingual,NA,11,3,5,0,2,NA,EPT,EPT-42,cuidar,Intensional,Intensional subjunctive,Subjunctive,1,1,1,1,NA,SUBJ,208160,26928,1534607,-0.12945128613949347,-0.8404570398149086,NA,-0.48495416297720106,0.755950808628967,22,0.7172224447864758,-0.41333406395114425,0.36276843278994975,14,-0.12927192249875524,NA,1.1692679333668567
H8B04,DLI-7/8,GBCS,8,NA,19,3,2,2 SPA/0 ENG,Monolingual,NA,11,3,5,0,2,NA,EPT,EPT-44,entrar,Polarity,Polarity subjunctive,Subjunctive,0,0,NA,1,NA,IND,207551,129316,4429528,-0.13203067843477168,0.13303482599385175,NA,5.020737795400354e-4,0.755950808628967,22,0.7172224447864758,-0.41333406395114425,0.36276843278994975,14,-0.12927192249875524,NA,1.1692679333668567
H8B05,DLI-7/8,GBCS,8,NA,13,3,2,2 SPA/0 ENG,Monolingual,NA,10,4,0,0,2,NA,EPT,EPT-02,llamar,Intensional,Intensional subjunctive,Subjunctive,0,0,1,1,NA,IND,303936,207733,8248273,0.2762036834377904,0.8786135231177878,NA,0.5774086032777891,-0.5925019851416229,16,-0.38363061000206816,-0.8680015342974025,1.0278438929048588,14,-0.12927192249875524,NA,1.1692679333668567
H8B05,DLI-7/8,GBCS,8,NA,13,3,2,2 SPA/0 ENG,Monolingual,NA,10,4,0,0,2,NA,EPT,EPT-08,peinar,Intensional,Intensional subjunctive,Subjunctive,0,0,1,1,NA,IND,6151,3173,91504,-0.9850513816679927,-1.0663165084273154,NA,-1.025683945047654,-0.5925019851416229,16,-0.38363061000206816,-0.8680015342974025,1.0278438929048588,14,-0.12927192249875524,NA,1.1692679333668567
H8B05,DLI-7/8,GBCS,8,NA,13,3,2,2 SPA/0 ENG,Monolingual,NA,10,4,0,0,2,NA,EPT,EPT-10,nadar,Polarity,Polarity subjunctive,Subjunctive,0,0,NA,1,NA,IND,27224,5128,182321,-0.8957976315228404,-1.047728621197795,NA,-0.9717631263603177,-0.5925019851416229,16,-0.38363061000206816,-0.8680015342974025,1.0278438929048588,14,-0.12927192249875524,NA,1.1692679333668567
H8B05,DLI-7/8,GBCS,8,NA,13,3,2,2 SPA/0 ENG,Monolingual,NA,10,4,0,0,2,NA,EPT,EPT-14,pintar,Intensional,Intensional subjunctive,Subjunctive,0,0,1,1,NA,IND,45606,22466,893704,-0.8179414916676613,-0.8828811589034609,NA,-0.8504113252855611,-0.5925019851416229,16,-0.38363061000206816,-0.8680015342974025,1.0278438929048588,14,-0.12927192249875524,NA,1.1692679333668567
H8B05,DLI-7/8,GBCS,8,NA,13,3,2,2 SPA/0 ENG,Monolingual,NA,10,4,0,0,2,NA,EPT,EPT-20,tratar,Intensional,Intensional subjunctive,Subjunctive,0,0,0,1,NA,IND,590952,203027,9516595,1.4918471301070364,0.8338694835770601,NA,1.1628583068420482,-0.5925019851416229,16,-0.38363061000206816,-0.8680015342974025,1.0278438929048588,14,-0.12927192249875524,NA,1.1692679333668567
H8B05,DLI-7/8,GBCS,8,NA,13,3,2,2 SPA/0 ENG,Monolingual,NA,10,4,0,0,2,NA,EPT,EPT-22,hablar,Polarity,Polarity subjunctive,Subjunctive,0,0,NA,1,NA,IND,464270,255835,8432028,0.95529117813588,1.3359611198003385,NA,1.1456261489681092,-0.5925019851416229,16,-0.38363061000206816,-0.8680015342974025,1.0278438929048588,14,-0.12927192249875524,NA,1.1692679333668567
H8B05,DLI-7/8,GBCS,8,NA,13,3,2,2 SPA/0 ENG,Monolingual,NA,10,4,0,0,2,NA,EPT,EPT-26,mirar,Intensional,Intensional subjunctive,Subjunctive,0,0,0,1,NA,IND,186441,197558,3683993,-0.22144114042709193,0.7818709386879314,NA,0.28021489913041975,-0.5925019851416229,16,-0.38363061000206816,-0.8680015342974025,1.0278438929048588,14,-0.12927192249875524,NA,1.1692679333668567
H8B05,DLI-7/8,GBCS,8,NA,13,3,2,2 SPA/0 ENG,Monolingual,NA,10,4,0,0,2,NA,EPT,EPT-32,llevar,Intensional,Intensional subjunctive,Subjunctive,0,0,1,1,NA,IND,418316,301022,13841181,0.7606550639532612,1.7655932733759574,NA,1.2631241686646093,-0.5925019851416229,16,-0.38363061000206816,-0.8680015342974025,1.0278438929048588,14,-0.12927192249875524,NA,1.1692679333668567
H8B05,DLI-7/8,GBCS,8,NA,13,3,2,2 SPA/0 ENG,Monolingual,NA,10,4,0,0,2,NA,EPT,EPT-34,bajar,Polarity,Polarity subjunctive,Subjunctive,0,0,NA,1,NA,FUTURE,284649,62583,1981927,0.19451445650998933,-0.5014539098054217,NA,-0.1534697266477162,-0.5925019851416229,16,-0.38363061000206816,-0.8680015342974025,1.0278438929048588,14,-0.12927192249875524,NA,1.1692679333668567
H8B05,DLI-7/8,GBCS,8,NA,13,3,2,2 SPA/0 ENG,Monolingual,NA,10,4,0,0,2,NA,EPT,EPT-38,amar,Intensional,Intensional subjunctive,Subjunctive,0,0,1,1,NA,IND,60260,28864,1318934,-0.7558751292784874,-0.8220498021287954,NA,-0.7889624657036414,-0.5925019851416229,16,-0.38363061000206816,-0.8680015342974025,1.0278438929048588,14,-0.12927192249875524,NA,1.1692679333668567
H8B05,DLI-7/8,GBCS,8,NA,13,3,2,2 SPA/0 ENG,Monolingual,NA,10,4,0,0,2,NA,EPT,EPT-42,cuidar,Intensional,Intensional subjunctive,Subjunctive,1,1,0,1,NA,SUBJ,208160,26928,1534607,-0.12945128613949347,-0.8404570398149086,NA,-0.48495416297720106,-0.5925019851416229,16,-0.38363061000206816,-0.8680015342974025,1.0278438929048588,14,-0.12927192249875524,NA,1.1692679333668567
H8B05,DLI-7/8,GBCS,8,NA,13,3,2,2 SPA/0 ENG,Monolingual,NA,10,4,0,0,2,NA,EPT,EPT-44,entrar,Polarity,Polarity subjunctive,Subjunctive,0,0,NA,1,NA,IND,207551,129316,4429528,-0.13203067843477168,0.13303482599385175,NA,5.020737795400354e-4,-0.5925019851416229,16,-0.38363061000206816,-0.8680015342974025,1.0278438929048588,14,-0.12927192249875524,NA,1.1692679333668567
H8B08,DLI-7/8,GBCS,8,NA,25,5,2,2 SPA/0 ENG,Monolingual,NA,14,4,0,0,2,NA,EPT,EPT-02,llamar,Intensional,Intensional subjunctive,Subjunctive,1,1,1,1,NA,SUBJ,303936,207733,8248273,0.2762036834377904,0.8786135231177878,NA,0.5774086032777891,2.104403602399557,30,2.185026517837868,0.9506683470876304,1.0278438929048588,18,1.2927192249875468,NA,1.1692679333668567
H8B08,DLI-7/8,GBCS,8,NA,25,5,2,2 SPA/0 ENG,Monolingual,NA,14,4,0,0,2,NA,EPT,EPT-08,peinar,Intensional,Intensional subjunctive,Subjunctive,1,1,1,1,NA,SUBJ,6151,3173,91504,-0.9850513816679927,-1.0663165084273154,NA,-1.025683945047654,2.104403602399557,30,2.185026517837868,0.9506683470876304,1.0278438929048588,18,1.2927192249875468,NA,1.1692679333668567
H8B08,DLI-7/8,GBCS,8,NA,25,5,2,2 SPA/0 ENG,Monolingual,NA,14,4,0,0,2,NA,EPT,EPT-10,nadar,Polarity,Polarity subjunctive,Subjunctive,1,1,NA,1,NA,SUBJ,27224,5128,182321,-0.8957976315228404,-1.047728621197795,NA,-0.9717631263603177,2.104403602399557,30,2.185026517837868,0.9506683470876304,1.0278438929048588,18,1.2927192249875468,NA,1.1692679333668567
H8B08,DLI-7/8,GBCS,8,NA,25,5,2,2 SPA/0 ENG,Monolingual,NA,14,4,0,0,2,NA,EPT,EPT-14,pintar,Intensional,Intensional subjunctive,Subjunctive,1,1,0,1,NA,SUBJ,45606,22466,893704,-0.8179414916676613,-0.8828811589034609,NA,-0.8504113252855611,2.104403602399557,30,2.185026517837868,0.9506683470876304,1.0278438929048588,18,1.2927192249875468,NA,1.1692679333668567
H8B08,DLI-7/8,GBCS,8,NA,25,5,2,2 SPA/0 ENG,Monolingual,NA,14,4,0,0,2,NA,EPT,EPT-20,tratar,Intensional,Intensional subjunctive,Subjunctive,1,1,1,1,NA,SUBJ,590952,203027,9516595,1.4918471301070364,0.8338694835770601,NA,1.1628583068420482,2.104403602399557,30,2.185026517837868,0.9506683470876304,1.0278438929048588,18,1.2927192249875468,NA,1.1692679333668567
H8B08,DLI-7/8,GBCS,8,NA,25,5,2,2 SPA/0 ENG,Monolingual,NA,14,4,0,0,2,NA,EPT,EPT-22,hablar,Polarity,Polarity subjunctive,Subjunctive,0,0,NA,1,NA,IND,464270,255835,8432028,0.95529117813588,1.3359611198003385,NA,1.1456261489681092,2.104403602399557,30,2.185026517837868,0.9506683470876304,1.0278438929048588,18,1.2927192249875468,NA,1.1692679333668567
H8B08,DLI-7/8,GBCS,8,NA,25,5,2,2 SPA/0 ENG,Monolingual,NA,14,4,0,0,2,NA,EPT,EPT-26,mirar,Intensional,Intensional subjunctive,Subjunctive,1,1,1,1,NA,SUBJ,186441,197558,3683993,-0.22144114042709193,0.7818709386879314,NA,0.28021489913041975,2.104403602399557,30,2.185026517837868,0.9506683470876304,1.0278438929048588,18,1.2927192249875468,NA,1.1692679333668567
H8B08,DLI-7/8,GBCS,8,NA,25,5,2,2 SPA/0 ENG,Monolingual,NA,14,4,0,0,2,NA,EPT,EPT-32,llevar,Intensional,Intensional subjunctive,Subjunctive,1,1,1,1,NA,SUBJ,418316,301022,13841181,0.7606550639532612,1.7655932733759574,NA,1.2631241686646093,2.104403602399557,30,2.185026517837868,0.9506683470876304,1.0278438929048588,18,1.2927192249875468,NA,1.1692679333668567
H8B08,DLI-7/8,GBCS,8,NA,25,5,2,2 SPA/0 ENG,Monolingual,NA,14,4,0,0,2,NA,EPT,EPT-34,bajar,Polarity,Polarity subjunctive,Subjunctive,0,0,NA,1,NA,IND,284649,62583,1981927,0.19451445650998933,-0.5014539098054217,NA,-0.1534697266477162,2.104403602399557,30,2.185026517837868,0.9506683470876304,1.0278438929048588,18,1.2927192249875468,NA,1.1692679333668567
H8B08,DLI-7/8,GBCS,8,NA,25,5,2,2 SPA/0 ENG,Monolingual,NA,14,4,0,0,2,NA,EPT,EPT-38,amar,Intensional,Intensional subjunctive,Subjunctive,1,1,1,1,NA,SUBJ,60260,28864,1318934,-0.7558751292784874,-0.8220498021287954,NA,-0.7889624657036414,2.104403602399557,30,2.185026517837868,0.9506683470876304,1.0278438929048588,18,1.2927192249875468,NA,1.1692679333668567
H8B08,DLI-7/8,GBCS,8,NA,25,5,2,2 SPA/0 ENG,Monolingual,NA,14,4,0,0,2,NA,EPT,EPT-42,cuidar,Intensional,Intensional subjunctive,Subjunctive,0,0,1,1,NA,IND,208160,26928,1534607,-0.12945128613949347,-0.8404570398149086,NA,-0.48495416297720106,2.104403602399557,30,2.185026517837868,0.9506683470876304,1.0278438929048588,18,1.2927192249875468,NA,1.1692679333668567
H8B08,DLI-7/8,GBCS,8,NA,25,5,2,2 SPA/0 ENG,Monolingual,NA,14,4,0,0,2,NA,EPT,EPT-44,entrar,Polarity,Polarity subjunctive,Subjunctive,0,0,NA,1,NA,IND,207551,129316,4429528,-0.13203067843477168,0.13303482599385175,NA,5.020737795400354e-4,2.104403602399557,30,2.185026517837868,0.9506683470876304,1.0278438929048588,18,1.2927192249875468,NA,1.1692679333668567
H7B02,DLI-7/8,GBCS,7,NA,17,3,1,2 SPA/1 ENG,Bilingual,NA,14,4,0,0,2,NA,EPT,EPT-02,llamar,Intensional,Intensional subjunctive,Subjunctive,0,0,1,1,NA,IND,303936,207733,8248273,0.2762036834377904,0.8786135231177878,NA,0.5774086032777891,0.3064665440387704,20,0.3502714265236278,0.9506683470876304,1.0278438929048588,18,1.2927192249875468,NA,0
H7B02,DLI-7/8,GBCS,7,NA,17,3,1,2 SPA/1 ENG,Bilingual,NA,14,4,0,0,2,NA,EPT,EPT-08,peinar,Intensional,Intensional subjunctive,Subjunctive,1,1,1,1,NA,SUBJ,6151,3173,91504,-0.9850513816679927,-1.0663165084273154,NA,-1.025683945047654,0.3064665440387704,20,0.3502714265236278,0.9506683470876304,1.0278438929048588,18,1.2927192249875468,NA,0
H7B02,DLI-7/8,GBCS,7,NA,17,3,1,2 SPA/1 ENG,Bilingual,NA,14,4,0,0,2,NA,EPT,EPT-10,nadar,Polarity,Polarity subjunctive,Subjunctive,1,1,NA,1,NA,SUBJ,27224,5128,182321,-0.8957976315228404,-1.047728621197795,NA,-0.9717631263603177,0.3064665440387704,20,0.3502714265236278,0.9506683470876304,1.0278438929048588,18,1.2927192249875468,NA,0
H7B02,DLI-7/8,GBCS,7,NA,17,3,1,2 SPA/1 ENG,Bilingual,NA,14,4,0,0,2,NA,EPT,EPT-14,pintar,Intensional,Intensional subjunctive,Subjunctive,1,1,NA,1,NA,SUBJ,45606,22466,893704,-0.8179414916676613,-0.8828811589034609,NA,-0.8504113252855611,0.3064665440387704,20,0.3502714265236278,0.9506683470876304,1.0278438929048588,18,1.2927192249875468,NA,0
H7B02,DLI-7/8,GBCS,7,NA,17,3,1,2 SPA/1 ENG,Bilingual,NA,14,4,0,0,2,NA,EPT,EPT-20,tratar,Intensional,Intensional subjunctive,Subjunctive,1,1,1,1,NA,SUBJ,590952,203027,9516595,1.4918471301070364,0.8338694835770601,NA,1.1628583068420482,0.3064665440387704,20,0.3502714265236278,0.9506683470876304,1.0278438929048588,18,1.2927192249875468,NA,0
H7B02,DLI-7/8,GBCS,7,NA,17,3,1,2 SPA/1 ENG,Bilingual,NA,14,4,0,0,2,NA,EPT,EPT-22,hablar,Polarity,Polarity subjunctive,Subjunctive,1,1,NA,1,NA,SUBJ,464270,255835,8432028,0.95529117813588,1.3359611198003385,NA,1.1456261489681092,0.3064665440387704,20,0.3502714265236278,0.9506683470876304,1.0278438929048588,18,1.2927192249875468,NA,0
H7B02,DLI-7/8,GBCS,7,NA,17,3,1,2 SPA/1 ENG,Bilingual,NA,14,4,0,0,2,NA,EPT,EPT-26,mirar,Intensional,Intensional subjunctive,Subjunctive,1,1,1,1,NA,SUBJ,186441,197558,3683993,-0.22144114042709193,0.7818709386879314,NA,0.28021489913041975,0.3064665440387704,20,0.3502714265236278,0.9506683470876304,1.0278438929048588,18,1.2927192249875468,NA,0
H7B02,DLI-7/8,GBCS,7,NA,17,3,1,2 SPA/1 ENG,Bilingual,NA,14,4,0,0,2,NA,EPT,EPT-32,llevar,Intensional,Intensional subjunctive,Subjunctive,1,1,1,1,NA,SUBJ,418316,301022,13841181,0.7606550639532612,1.7655932733759574,NA,1.2631241686646093,0.3064665440387704,20,0.3502714265236278,0.9506683470876304,1.0278438929048588,18,1.2927192249875468,NA,0
H7B02,DLI-7/8,GBCS,7,NA,17,3,1,2 SPA/1 ENG,Bilingual,NA,14,4,0,0,2,NA,EPT,EPT-34,bajar,Polarity,Polarity subjunctive,Subjunctive,1,1,NA,1,NA,SUBJ,284649,62583,1981927,0.19451445650998933,-0.5014539098054217,NA,-0.1534697266477162,0.3064665440387704,20,0.3502714265236278,0.9506683470876304,1.0278438929048588,18,1.2927192249875468,NA,0
H7B02,DLI-7/8,GBCS,7,NA,17,3,1,2 SPA/1 ENG,Bilingual,NA,14,4,0,0,2,NA,EPT,EPT-38,amar,Intensional,Intensional subjunctive,Subjunctive,1,1,1,1,NA,SUBJ,60260,28864,1318934,-0.7558751292784874,-0.8220498021287954,NA,-0.7889624657036414,0.3064665440387704,20,0.3502714265236278,0.9506683470876304,1.0278438929048588,18,1.2927192249875468,NA,0
H7B02,DLI-7/8,GBCS,7,NA,17,3,1,2 SPA/1 ENG,Bilingual,NA,14,4,0,0,2,NA,EPT,EPT-42,cuidar,Intensional,Intensional subjunctive,Subjunctive,1,1,1,1,NA,SUBJ,208160,26928,1534607,-0.12945128613949347,-0.8404570398149086,NA,-0.48495416297720106,0.3064665440387704,20,0.3502714265236278,0.9506683470876304,1.0278438929048588,18,1.2927192249875468,NA,0
H7B02,DLI-7/8,GBCS,7,NA,17,3,1,2 SPA/1 ENG,Bilingual,NA,14,4,0,0,2,NA,EPT,EPT-44,entrar,Polarity,Polarity subjunctive,Subjunctive,1,1,NA,1,NA,SUBJ,207551,129316,4429528,-0.13203067843477168,0.13303482599385175,NA,5.020737795400354e-4,0.3064665440387704,20,0.3502714265236278,0.9506683470876304,1.0278438929048588,18,1.2927192249875468,NA,0
H7B03,DLI-7/8,GBCS,7,NA,8,1,1,2 SPA/1 ENG,Bilingual,NA,8,1,NA,0,2,NA,EPT,EPT-02,llamar,Intensional,Intensional subjunctive,Subjunctive,1,1,0,1,NA,SUBJ,303936,207733,8248273,0.2762036834377904,0.8786135231177878,NA,0.5774086032777891,-1.7162126466171146,9,-1.667959173922036,-1.777336474989919,-0.9673824874398682,9,-1.906760856856633,NA,0
H7B03,DLI-7/8,GBCS,7,NA,8,1,1,2 SPA/1 ENG,Bilingual,NA,8,1,NA,0,2,NA,EPT,EPT-08,peinar,Intensional,Intensional subjunctive,Subjunctive,1,1,0,1,NA,SUBJ,6151,3173,91504,-0.9850513816679927,-1.0663165084273154,NA,-1.025683945047654,-1.7162126466171146,9,-1.667959173922036,-1.777336474989919,-0.9673824874398682,9,-1.906760856856633,NA,0
H7B03,DLI-7/8,GBCS,7,NA,8,1,1,2 SPA/1 ENG,Bilingual,NA,8,1,NA,0,2,NA,EPT,EPT-10,nadar,Polarity,Polarity subjunctive,Subjunctive,1,1,NA,1,NA,SUBJ,27224,5128,182321,-0.8957976315228404,-1.047728621197795,NA,-0.9717631263603177,-1.7162126466171146,9,-1.667959173922036,-1.777336474989919,-0.9673824874398682,9,-1.906760856856633,NA,0
H7B03,DLI-7/8,GBCS,7,NA,8,1,1,2 SPA/1 ENG,Bilingual,NA,8,1,NA,0,2,NA,EPT,EPT-14,pintar,Intensional,Intensional subjunctive,Subjunctive,1,1,0,1,NA,SUBJ,45606,22466,893704,-0.8179414916676613,-0.8828811589034609,NA,-0.8504113252855611,-1.7162126466171146,9,-1.667959173922036,-1.777336474989919,-0.9673824874398682,9,-1.906760856856633,NA,0
H7B03,DLI-7/8,GBCS,7,NA,8,1,1,2 SPA/1 ENG,Bilingual,NA,8,1,NA,0,2,NA,EPT,EPT-20,tratar,Intensional,Intensional subjunctive,Subjunctive,1,1,0,1,NA,SUBJ,590952,203027,9516595,1.4918471301070364,0.8338694835770601,NA,1.1628583068420482,-1.7162126466171146,9,-1.667959173922036,-1.777336474989919,-0.9673824874398682,9,-1.906760856856633,NA,0
H7B03,DLI-7/8,GBCS,7,NA,8,1,1,2 SPA/1 ENG,Bilingual,NA,8,1,NA,0,2,NA,EPT,EPT-22,hablar,Polarity,Polarity subjunctive,Subjunctive,0,0,NA,1,NA,IND,464270,255835,8432028,0.95529117813588,1.3359611198003385,NA,1.1456261489681092,-1.7162126466171146,9,-1.667959173922036,-1.777336474989919,-0.9673824874398682,9,-1.906760856856633,NA,0
H7B03,DLI-7/8,GBCS,7,NA,8,1,1,2 SPA/1 ENG,Bilingual,NA,8,1,NA,0,2,NA,EPT,EPT-26,mirar,Intensional,Intensional subjunctive,Subjunctive,1,1,0,1,NA,SUBJ,186441,197558,3683993,-0.22144114042709193,0.7818709386879314,NA,0.28021489913041975,-1.7162126466171146,9,-1.667959173922036,-1.777336474989919,-0.9673824874398682,9,-1.906760856856633,NA,0
H7B03,DLI-7/8,GBCS,7,NA,8,1,1,2 SPA/1 ENG,Bilingual,NA,8,1,NA,0,2,NA,EPT,EPT-32,llevar,Intensional,Intensional subjunctive,Subjunctive,1,1,0,1,NA,SUBJ,418316,301022,13841181,0.7606550639532612,1.7655932733759574,NA,1.2631241686646093,-1.7162126466171146,9,-1.667959173922036,-1.777336474989919,-0.9673824874398682,9,-1.906760856856633,NA,0
H7B03,DLI-7/8,GBCS,7,NA,8,1,1,2 SPA/1 ENG,Bilingual,NA,8,1,NA,0,2,NA,EPT,EPT-34,bajar,Polarity,Polarity subjunctive,Subjunctive,0,0,NA,1,NA,IND,284649,62583,1981927,0.19451445650998933,-0.5014539098054217,NA,-0.1534697266477162,-1.7162126466171146,9,-1.667959173922036,-1.777336474989919,-0.9673824874398682,9,-1.906760856856633,NA,0
H7B03,DLI-7/8,GBCS,7,NA,8,1,1,2 SPA/1 ENG,Bilingual,NA,8,1,NA,0,2,NA,EPT,EPT-38,amar,Intensional,Intensional subjunctive,Subjunctive,1,1,0,1,NA,SUBJ,60260,28864,1318934,-0.7558751292784874,-0.8220498021287954,NA,-0.7889624657036414,-1.7162126466171146,9,-1.667959173922036,-1.777336474989919,-0.9673824874398682,9,-1.906760856856633,NA,0
H7B03,DLI-7/8,GBCS,7,NA,8,1,1,2 SPA/1 ENG,Bilingual,NA,8,1,NA,0,2,NA,EPT,EPT-42,cuidar,Intensional,Intensional subjunctive,Subjunctive,1,1,0,1,NA,SUBJ,208160,26928,1534607,-0.12945128613949347,-0.8404570398149086,NA,-0.48495416297720106,-1.7162126466171146,9,-1.667959173922036,-1.777336474989919,-0.9673824874398682,9,-1.906760856856633,NA,0
H7B03,DLI-7/8,GBCS,7,NA,8,1,1,2 SPA/1 ENG,Bilingual,NA,8,1,NA,0,2,NA,EPT,EPT-44,entrar,Polarity,Polarity subjunctive,Subjunctive,0,0,NA,1,NA,IND,207551,129316,4429528,-0.13203067843477168,0.13303482599385175,NA,5.020737795400354e-4,-1.7162126466171146,9,-1.667959173922036,-1.777336474989919,-0.9673824874398682,9,-1.906760856856633,NA,0
H8B02,DLI-7/8,GBCS,8,NA,10,1,1,2 SPA/1 ENG,Bilingual,NA,13,4,NA,0,2,NA,EPT,EPT-02,llamar,Intensional,Intensional subjunctive,Subjunctive,0,0,0,1,NA,IND,303936,207733,8248273,0.2762036834377904,0.8786135231177878,NA,0.5774086032777891,-1.266728382026918,11,-1.3010081556591881,0.49600087674137217,1.0278438929048588,17,0.9372214381159714,NA,0
H8B02,DLI-7/8,GBCS,8,NA,10,1,1,2 SPA/1 ENG,Bilingual,NA,13,4,NA,0,2,NA,EPT,EPT-08,peinar,Intensional,Intensional subjunctive,Subjunctive,0,0,0,1,NA,IND,6151,3173,91504,-0.9850513816679927,-1.0663165084273154,NA,-1.025683945047654,-1.266728382026918,11,-1.3010081556591881,0.49600087674137217,1.0278438929048588,17,0.9372214381159714,NA,0
H8B02,DLI-7/8,GBCS,8,NA,10,1,1,2 SPA/1 ENG,Bilingual,NA,13,4,NA,0,2,NA,EPT,EPT-10,nadar,Polarity,Polarity subjunctive,Subjunctive,0,0,NA,NA,NA,INF,27224,5128,182321,-0.8957976315228404,-1.047728621197795,NA,-0.9717631263603177,-1.266728382026918,11,-1.3010081556591881,0.49600087674137217,1.0278438929048588,17,0.9372214381159714,NA,0
H8B02,DLI-7/8,GBCS,8,NA,10,1,1,2 SPA/1 ENG,Bilingual,NA,13,4,NA,0,2,NA,EPT,EPT-14,pintar,Intensional,Intensional subjunctive,Subjunctive,0,0,0,NA,NA,INF,45606,22466,893704,-0.8179414916676613,-0.8828811589034609,NA,-0.8504113252855611,-1.266728382026918,11,-1.3010081556591881,0.49600087674137217,1.0278438929048588,17,0.9372214381159714,NA,0
H8B02,DLI-7/8,GBCS,8,NA,10,1,1,2 SPA/1 ENG,Bilingual,NA,13,4,NA,0,2,NA,EPT,EPT-20,tratar,Intensional,Intensional subjunctive,Subjunctive,0,0,0,1,NA,IND,590952,203027,9516595,1.4918471301070364,0.8338694835770601,NA,1.1628583068420482,-1.266728382026918,11,-1.3010081556591881,0.49600087674137217,1.0278438929048588,17,0.9372214381159714,NA,0
H8B02,DLI-7/8,GBCS,8,NA,10,1,1,2 SPA/1 ENG,Bilingual,NA,13,4,NA,0,2,NA,EPT,EPT-22,hablar,Polarity,Polarity subjunctive,Subjunctive,0,0,NA,1,NA,IND,464270,255835,8432028,0.95529117813588,1.3359611198003385,NA,1.1456261489681092,-1.266728382026918,11,-1.3010081556591881,0.49600087674137217,1.0278438929048588,17,0.9372214381159714,NA,0
H8B02,DLI-7/8,GBCS,8,NA,10,1,1,2 SPA/1 ENG,Bilingual,NA,13,4,NA,0,2,NA,EPT,EPT-26,mirar,Intensional,Intensional subjunctive,Subjunctive,0,0,0,1,NA,IND,186441,197558,3683993,-0.22144114042709193,0.7818709386879314,NA,0.28021489913041975,-1.266728382026918,11,-1.3010081556591881,0.49600087674137217,1.0278438929048588,17,0.9372214381159714,NA,0
H8B02,DLI-7/8,GBCS,8,NA,10,1,1,2 SPA/1 ENG,Bilingual,NA,13,4,NA,0,2,NA,EPT,EPT-32,llevar,Intensional,Intensional subjunctive,Subjunctive,0,0,0,1,NA,IND,418316,301022,13841181,0.7606550639532612,1.7655932733759574,NA,1.2631241686646093,-1.266728382026918,11,-1.3010081556591881,0.49600087674137217,1.0278438929048588,17,0.9372214381159714,NA,0
H8B02,DLI-7/8,GBCS,8,NA,10,1,1,2 SPA/1 ENG,Bilingual,NA,13,4,NA,0,2,NA,EPT,EPT-34,bajar,Polarity,Polarity subjunctive,Subjunctive,NA,NA,NA,NA,NA,NA,284649,62583,1981927,0.19451445650998933,-0.5014539098054217,NA,-0.1534697266477162,-1.266728382026918,11,-1.3010081556591881,0.49600087674137217,1.0278438929048588,17,0.9372214381159714,NA,0
H8B02,DLI-7/8,GBCS,8,NA,10,1,1,2 SPA/1 ENG,Bilingual,NA,13,4,NA,0,2,NA,EPT,EPT-38,amar,Intensional,Intensional subjunctive,Subjunctive,0,0,0,1,NA,IND,60260,28864,1318934,-0.7558751292784874,-0.8220498021287954,NA,-0.7889624657036414,-1.266728382026918,11,-1.3010081556591881,0.49600087674137217,1.0278438929048588,17,0.9372214381159714,NA,0
H8B02,DLI-7/8,GBCS,8,NA,10,1,1,2 SPA/1 ENG,Bilingual,NA,13,4,NA,0,2,NA,EPT,EPT-42,cuidar,Intensional,Intensional subjunctive,Subjunctive,0,0,0,1,NA,IND,208160,26928,1534607,-0.12945128613949347,-0.8404570398149086,NA,-0.48495416297720106,-1.266728382026918,11,-1.3010081556591881,0.49600087674137217,1.0278438929048588,17,0.9372214381159714,NA,0
H8B02,DLI-7/8,GBCS,8,NA,10,1,1,2 SPA/1 ENG,Bilingual,NA,13,4,NA,0,2,NA,EPT,EPT-44,entrar,Polarity,Polarity subjunctive,Subjunctive,0,0,NA,NA,NA,INF,207551,129316,4429528,-0.13203067843477168,0.13303482599385175,NA,5.020737795400354e-4,-1.266728382026918,11,-1.3010081556591881,0.49600087674137217,1.0278438929048588,17,0.9372214381159714,NA,0
H8B01,DLI-7/8,GBCS,8,NA,19,3,0,2 SPA/2 ENG,Bilingual,NA,14,0,3,0,2,NA,EPT,EPT-02,llamar,Intensional,Intensional subjunctive,Subjunctive,NA,NA,0,1,NA,IND MODAL,303936,207733,8248273,0.2762036834377904,0.8786135231177878,NA,0.5774086032777891,0.755950808628967,22,0.7172224447864758,0.9506683470876304,-1.6324579475547771,14,-0.12927192249875524,NA,-1.1692679333668567
H8B01,DLI-7/8,GBCS,8,NA,19,3,0,2 SPA/2 ENG,Bilingual,NA,14,0,3,0,2,NA,EPT,EPT-08,peinar,Intensional,Intensional subjunctive,Subjunctive,0,0,1,1,NA,IND,6151,3173,91504,-0.9850513816679927,-1.0663165084273154,NA,-1.025683945047654,0.755950808628967,22,0.7172224447864758,0.9506683470876304,-1.6324579475547771,14,-0.12927192249875524,NA,-1.1692679333668567
H8B01,DLI-7/8,GBCS,8,NA,19,3,0,2 SPA/2 ENG,Bilingual,NA,14,0,3,0,2,NA,EPT,EPT-10,nadar,Polarity,Polarity subjunctive,Subjunctive,NA,NA,NA,NA,NA,NA,27224,5128,182321,-0.8957976315228404,-1.047728621197795,NA,-0.9717631263603177,0.755950808628967,22,0.7172224447864758,0.9506683470876304,-1.6324579475547771,14,-0.12927192249875524,NA,-1.1692679333668567
H8B01,DLI-7/8,GBCS,8,NA,19,3,0,2 SPA/2 ENG,Bilingual,NA,14,0,3,0,2,NA,EPT,EPT-14,pintar,Intensional,Intensional subjunctive,Subjunctive,0,0,1,1,NA,IND,45606,22466,893704,-0.8179414916676613,-0.8828811589034609,NA,-0.8504113252855611,0.755950808628967,22,0.7172224447864758,0.9506683470876304,-1.6324579475547771,14,-0.12927192249875524,NA,-1.1692679333668567
H8B01,DLI-7/8,GBCS,8,NA,19,3,0,2 SPA/2 ENG,Bilingual,NA,14,0,3,0,2,NA,EPT,EPT-20,tratar,Intensional,Intensional subjunctive,Subjunctive,1,1,1,1,NA,SUBJ,590952,203027,9516595,1.4918471301070364,0.8338694835770601,NA,1.1628583068420482,0.755950808628967,22,0.7172224447864758,0.9506683470876304,-1.6324579475547771,14,-0.12927192249875524,NA,-1.1692679333668567
H8B01,DLI-7/8,GBCS,8,NA,19,3,0,2 SPA/2 ENG,Bilingual,NA,14,0,3,0,2,NA,EPT,EPT-22,hablar,Polarity,Polarity subjunctive,Subjunctive,0,0,NA,1,NA,IND,464270,255835,8432028,0.95529117813588,1.3359611198003385,NA,1.1456261489681092,0.755950808628967,22,0.7172224447864758,0.9506683470876304,-1.6324579475547771,14,-0.12927192249875524,NA,-1.1692679333668567
H8B01,DLI-7/8,GBCS,8,NA,19,3,0,2 SPA/2 ENG,Bilingual,NA,14,0,3,0,2,NA,EPT,EPT-26,mirar,Intensional,Intensional subjunctive,Subjunctive,0,0,1,1,NA,IND,186441,197558,3683993,-0.22144114042709193,0.7818709386879314,NA,0.28021489913041975,0.755950808628967,22,0.7172224447864758,0.9506683470876304,-1.6324579475547771,14,-0.12927192249875524,NA,-1.1692679333668567
H8B01,DLI-7/8,GBCS,8,NA,19,3,0,2 SPA/2 ENG,Bilingual,NA,14,0,3,0,2,NA,EPT,EPT-32,llevar,Intensional,Intensional subjunctive,Subjunctive,0,0,1,1,NA,IND,418316,301022,13841181,0.7606550639532612,1.7655932733759574,NA,1.2631241686646093,0.755950808628967,22,0.7172224447864758,0.9506683470876304,-1.6324579475547771,14,-0.12927192249875524,NA,-1.1692679333668567
H8B01,DLI-7/8,GBCS,8,NA,19,3,0,2 SPA/2 ENG,Bilingual,NA,14,0,3,0,2,NA,EPT,EPT-34,bajar,Polarity,Polarity subjunctive,Subjunctive,0,0,NA,1,NA,IND,284649,62583,1981927,0.19451445650998933,-0.5014539098054217,NA,-0.1534697266477162,0.755950808628967,22,0.7172224447864758,0.9506683470876304,-1.6324579475547771,14,-0.12927192249875524,NA,-1.1692679333668567
H8B01,DLI-7/8,GBCS,8,NA,19,3,0,2 SPA/2 ENG,Bilingual,NA,14,0,3,0,2,NA,EPT,EPT-38,amar,Intensional,Intensional subjunctive,Subjunctive,0,0,1,1,NA,IND,60260,28864,1318934,-0.7558751292784874,-0.8220498021287954,NA,-0.7889624657036414,0.755950808628967,22,0.7172224447864758,0.9506683470876304,-1.6324579475547771,14,-0.12927192249875524,NA,-1.1692679333668567
H8B01,DLI-7/8,GBCS,8,NA,19,3,0,2 SPA/2 ENG,Bilingual,NA,14,0,3,0,2,NA,EPT,EPT-42,cuidar,Intensional,Intensional subjunctive,Subjunctive,1,1,1,1,NA,SUBJ,208160,26928,1534607,-0.12945128613949347,-0.8404570398149086,NA,-0.48495416297720106,0.755950808628967,22,0.7172224447864758,0.9506683470876304,-1.6324579475547771,14,-0.12927192249875524,NA,-1.1692679333668567
H8B01,DLI-7/8,GBCS,8,NA,19,3,0,2 SPA/2 ENG,Bilingual,NA,14,0,3,0,2,NA,EPT,EPT-44,entrar,Polarity,Polarity subjunctive,Subjunctive,0,0,NA,1,NA,IND,207551,129316,4429528,-0.13203067843477168,0.13303482599385175,NA,5.020737795400354e-4,0.755950808628967,22,0.7172224447864758,0.9506683470876304,-1.6324579475547771,14,-0.12927192249875524,NA,-1.1692679333668567
H8B06,DLI-7/8,GBCS,8,NA,13,2,0,2 SPA/2 ENG,Bilingual,NA,13,3,0,0,2,NA,EPT,EPT-02,llamar,Intensional,Intensional subjunctive,Subjunctive,1,1,1,1,NA,SUBJ,303936,207733,8248273,0.2762036834377904,0.8786135231177878,NA,0.5774086032777891,-0.5925019851416229,15,-0.5671061191334922,0.49600087674137217,0.36276843278994975,16,0.5817236512443958,NA,-1.1692679333668567
H8B06,DLI-7/8,GBCS,8,NA,13,2,0,2 SPA/2 ENG,Bilingual,NA,13,3,0,0,2,NA,EPT,EPT-08,peinar,Intensional,Intensional subjunctive,Subjunctive,NA,NA,NA,NA,NA,NA,6151,3173,91504,-0.9850513816679927,-1.0663165084273154,NA,-1.025683945047654,-0.5925019851416229,15,-0.5671061191334922,0.49600087674137217,0.36276843278994975,16,0.5817236512443958,NA,-1.1692679333668567
H8B06,DLI-7/8,GBCS,8,NA,13,2,0,2 SPA/2 ENG,Bilingual,NA,13,3,0,0,2,NA,EPT,EPT-10,nadar,Polarity,Polarity subjunctive,Subjunctive,1,1,NA,1,NA,SUBJ,27224,5128,182321,-0.8957976315228404,-1.047728621197795,NA,-0.9717631263603177,-0.5925019851416229,15,-0.5671061191334922,0.49600087674137217,0.36276843278994975,16,0.5817236512443958,NA,-1.1692679333668567
H8B06,DLI-7/8,GBCS,8,NA,13,2,0,2 SPA/2 ENG,Bilingual,NA,13,3,0,0,2,NA,EPT,EPT-14,pintar,Intensional,Intensional subjunctive,Subjunctive,1,1,1,1,NA,SUBJ,45606,22466,893704,-0.8179414916676613,-0.8828811589034609,NA,-0.8504113252855611,-0.5925019851416229,15,-0.5671061191334922,0.49600087674137217,0.36276843278994975,16,0.5817236512443958,NA,-1.1692679333668567
H8B06,DLI-7/8,GBCS,8,NA,13,2,0,2 SPA/2 ENG,Bilingual,NA,13,3,0,0,2,NA,EPT,EPT-20,tratar,Intensional,Intensional subjunctive,Subjunctive,1,1,1,1,NA,IND,590952,203027,9516595,1.4918471301070364,0.8338694835770601,NA,1.1628583068420482,-0.5925019851416229,15,-0.5671061191334922,0.49600087674137217,0.36276843278994975,16,0.5817236512443958,NA,-1.1692679333668567
H8B06,DLI-7/8,GBCS,8,NA,13,2,0,2 SPA/2 ENG,Bilingual,NA,13,3,0,0,2,NA,EPT,EPT-22,hablar,Polarity,Polarity subjunctive,Subjunctive,NA,NA,NA,NA,NA,SUBJ,464270,255835,8432028,0.95529117813588,1.3359611198003385,NA,1.1456261489681092,-0.5925019851416229,15,-0.5671061191334922,0.49600087674137217,0.36276843278994975,16,0.5817236512443958,NA,-1.1692679333668567
H8B06,DLI-7/8,GBCS,8,NA,13,2,0,2 SPA/2 ENG,Bilingual,NA,13,3,0,0,2,NA,EPT,EPT-26,mirar,Intensional,Intensional subjunctive,Subjunctive,1,1,1,1,NA,SUBJ,186441,197558,3683993,-0.22144114042709193,0.7818709386879314,NA,0.28021489913041975,-0.5925019851416229,15,-0.5671061191334922,0.49600087674137217,0.36276843278994975,16,0.5817236512443958,NA,-1.1692679333668567
H8B06,DLI-7/8,GBCS,8,NA,13,2,0,2 SPA/2 ENG,Bilingual,NA,13,3,0,0,2,NA,EPT,EPT-32,llevar,Intensional,Intensional subjunctive,Subjunctive,1,1,1,1,NA,SUBJ,418316,301022,13841181,0.7606550639532612,1.7655932733759574,NA,1.2631241686646093,-0.5925019851416229,15,-0.5671061191334922,0.49600087674137217,0.36276843278994975,16,0.5817236512443958,NA,-1.1692679333668567
H8B06,DLI-7/8,GBCS,8,NA,13,2,0,2 SPA/2 ENG,Bilingual,NA,13,3,0,0,2,NA,EPT,EPT-34,bajar,Polarity,Polarity subjunctive,Subjunctive,1,1,NA,1,NA,SUBJ,284649,62583,1981927,0.19451445650998933,-0.5014539098054217,NA,-0.1534697266477162,-0.5925019851416229,15,-0.5671061191334922,0.49600087674137217,0.36276843278994975,16,0.5817236512443958,NA,-1.1692679333668567
H8B06,DLI-7/8,GBCS,8,NA,13,2,0,2 SPA/2 ENG,Bilingual,NA,13,3,0,0,2,NA,EPT,EPT-38,amar,Intensional,Intensional subjunctive,Subjunctive,1,1,1,1,NA,SUBJ,60260,28864,1318934,-0.7558751292784874,-0.8220498021287954,NA,-0.7889624657036414,-0.5925019851416229,15,-0.5671061191334922,0.49600087674137217,0.36276843278994975,16,0.5817236512443958,NA,-1.1692679333668567
H8B06,DLI-7/8,GBCS,8,NA,13,2,0,2 SPA/2 ENG,Bilingual,NA,13,3,0,0,2,NA,EPT,EPT-42,cuidar,Intensional,Intensional subjunctive,Subjunctive,1,1,1,1,NA,SUBJ,208160,26928,1534607,-0.12945128613949347,-0.8404570398149086,NA,-0.48495416297720106,-0.5925019851416229,15,-0.5671061191334922,0.49600087674137217,0.36276843278994975,16,0.5817236512443958,NA,-1.1692679333668567
H8B06,DLI-7/8,GBCS,8,NA,13,2,0,2 SPA/2 ENG,Bilingual,NA,13,3,0,0,2,NA,EPT,EPT-44,entrar,Polarity,Polarity subjunctive,Subjunctive,1,1,NA,1,NA,SUBJ,207551,129316,4429528,-0.13203067843477168,0.13303482599385175,NA,5.020737795400354e-4,-0.5925019851416229,15,-0.5671061191334922,0.49600087674137217,0.36276843278994975,16,0.5817236512443958,NA,-1.1692679333668567
H8B07,DLI-7/8,GBCS,8,NA,16,2,0,2 SPA/2 ENG,Bilingual,NA,13,2,0,0,2,NA,EPT,EPT-02,llamar,Intensional,Intensional subjunctive,Subjunctive,1,NA,NA,NA,NA,SUBJ,303936,207733,8248273,0.2762036834377904,0.8786135231177878,NA,0.5774086032777891,0.08172441174367205,18,-0.016679591739220186,0.49600087674137217,-0.30230702732495923,15,0.22622586437282027,NA,-1.1692679333668567
H8B07,DLI-7/8,GBCS,8,NA,16,2,0,2 SPA/2 ENG,Bilingual,NA,13,2,0,0,2,NA,EPT,EPT-08,peinar,Intensional,Intensional subjunctive,Subjunctive,1,1,NA,1,NA,SUBJ,6151,3173,91504,-0.9850513816679927,-1.0663165084273154,NA,-1.025683945047654,0.08172441174367205,18,-0.016679591739220186,0.49600087674137217,-0.30230702732495923,15,0.22622586437282027,NA,-1.1692679333668567
H8B07,DLI-7/8,GBCS,8,NA,16,2,0,2 SPA/2 ENG,Bilingual,NA,13,2,0,0,2,NA,EPT,EPT-10,nadar,Polarity,Polarity subjunctive,Subjunctive,0,NA,NA,1,NA,IND MODAL,27224,5128,182321,-0.8957976315228404,-1.047728621197795,NA,-0.9717631263603177,0.08172441174367205,18,-0.016679591739220186,0.49600087674137217,-0.30230702732495923,15,0.22622586437282027,NA,-1.1692679333668567
H8B07,DLI-7/8,GBCS,8,NA,16,2,0,2 SPA/2 ENG,Bilingual,NA,13,2,0,0,2,NA,EPT,EPT-14,pintar,Intensional,Intensional subjunctive,Subjunctive,1,1,NA,1,NA,SUBJ,45606,22466,893704,-0.8179414916676613,-0.8828811589034609,NA,-0.8504113252855611,0.08172441174367205,18,-0.016679591739220186,0.49600087674137217,-0.30230702732495923,15,0.22622586437282027,NA,-1.1692679333668567
H8B07,DLI-7/8,GBCS,8,NA,16,2,0,2 SPA/2 ENG,Bilingual,NA,13,2,0,0,2,NA,EPT,EPT-20,tratar,Intensional,Intensional subjunctive,Subjunctive,1,1,0,1,NA,SUBJ,590952,203027,9516595,1.4918471301070364,0.8338694835770601,NA,1.1628583068420482,0.08172441174367205,18,-0.016679591739220186,0.49600087674137217,-0.30230702732495923,15,0.22622586437282027,NA,-1.1692679333668567
H8B07,DLI-7/8,GBCS,8,NA,16,2,0,2 SPA/2 ENG,Bilingual,NA,13,2,0,0,2,NA,EPT,EPT-22,hablar,Polarity,Polarity subjunctive,Subjunctive,1,1,NA,1,NA,IND,464270,255835,8432028,0.95529117813588,1.3359611198003385,NA,1.1456261489681092,0.08172441174367205,18,-0.016679591739220186,0.49600087674137217,-0.30230702732495923,15,0.22622586437282027,NA,-1.1692679333668567
H8B07,DLI-7/8,GBCS,8,NA,16,2,0,2 SPA/2 ENG,Bilingual,NA,13,2,0,0,2,NA,EPT,EPT-26,mirar,Intensional,Intensional subjunctive,Subjunctive,0,0,0,1,NA,IND,186441,197558,3683993,-0.22144114042709193,0.7818709386879314,NA,0.28021489913041975,0.08172441174367205,18,-0.016679591739220186,0.49600087674137217,-0.30230702732495923,15,0.22622586437282027,NA,-1.1692679333668567
H8B07,DLI-7/8,GBCS,8,NA,16,2,0,2 SPA/2 ENG,Bilingual,NA,13,2,0,0,2,NA,EPT,EPT-32,llevar,Intensional,Intensional subjunctive,Subjunctive,0,0,0,1,NA,IND,418316,301022,13841181,0.7606550639532612,1.7655932733759574,NA,1.2631241686646093,0.08172441174367205,18,-0.016679591739220186,0.49600087674137217,-0.30230702732495923,15,0.22622586437282027,NA,-1.1692679333668567
H8B07,DLI-7/8,GBCS,8,NA,16,2,0,2 SPA/2 ENG,Bilingual,NA,13,2,0,0,2,NA,EPT,EPT-34,bajar,Polarity,Polarity subjunctive,Subjunctive,0,0,NA,1,NA,IND,284649,62583,1981927,0.19451445650998933,-0.5014539098054217,NA,-0.1534697266477162,0.08172441174367205,18,-0.016679591739220186,0.49600087674137217,-0.30230702732495923,15,0.22622586437282027,NA,-1.1692679333668567
H8B07,DLI-7/8,GBCS,8,NA,16,2,0,2 SPA/2 ENG,Bilingual,NA,13,2,0,0,2,NA,EPT,EPT-38,amar,Intensional,Intensional subjunctive,Subjunctive,0,0,1,1,NA,IND,60260,28864,1318934,-0.7558751292784874,-0.8220498021287954,NA,-0.7889624657036414,0.08172441174367205,18,-0.016679591739220186,0.49600087674137217,-0.30230702732495923,15,0.22622586437282027,NA,-1.1692679333668567
H8B07,DLI-7/8,GBCS,8,NA,16,2,0,2 SPA/2 ENG,Bilingual,NA,13,2,0,0,2,NA,EPT,EPT-42,cuidar,Intensional,Intensional subjunctive,Subjunctive,0,0,0,1,NA,IND,208160,26928,1534607,-0.12945128613949347,-0.8404570398149086,NA,-0.48495416297720106,0.08172441174367205,18,-0.016679591739220186,0.49600087674137217,-0.30230702732495923,15,0.22622586437282027,NA,-1.1692679333668567
H8B07,DLI-7/8,GBCS,8,NA,16,2,0,2 SPA/2 ENG,Bilingual,NA,13,2,0,0,2,NA,EPT,EPT-44,entrar,Polarity,Polarity subjunctive,Subjunctive,0,0,NA,1,NA,IND,207551,129316,4429528,-0.13203067843477168,0.13303482599385175,NA,5.020737795400354e-4,0.08172441174367205,18,-0.016679591739220186,0.49600087674137217,-0.30230702732495923,15,0.22622586437282027,NA,-1.1692679333668567
H8B09,DLI-7/8,GBCS,8,NA,16,3,0,2 SPA/2 ENG,Bilingual,NA,13,0,3,0,2,NA,EPT,EPT-02,llamar,Intensional,Intensional subjunctive,Subjunctive,0,0,1,1,NA,IND,303936,207733,8248273,0.2762036834377904,0.8786135231177878,NA,0.5774086032777891,0.08172441174367205,19,0.16679591739220379,0.49600087674137217,-1.6324579475547771,13,-0.48476970937033076,NA,-1.1692679333668567
H8B09,DLI-7/8,GBCS,8,NA,16,3,0,2 SPA/2 ENG,Bilingual,NA,13,0,3,0,2,NA,EPT,EPT-08,peinar,Intensional,Intensional subjunctive,Subjunctive,0,0,1,1,NA,IND,6151,3173,91504,-0.9850513816679927,-1.0663165084273154,NA,-1.025683945047654,0.08172441174367205,19,0.16679591739220379,0.49600087674137217,-1.6324579475547771,13,-0.48476970937033076,NA,-1.1692679333668567
H8B09,DLI-7/8,GBCS,8,NA,16,3,0,2 SPA/2 ENG,Bilingual,NA,13,0,3,0,2,NA,EPT,EPT-10,nadar,Polarity,Polarity subjunctive,Subjunctive,0,NA,NA,1,NA,IND MODAL,27224,5128,182321,-0.8957976315228404,-1.047728621197795,NA,-0.9717631263603177,0.08172441174367205,19,0.16679591739220379,0.49600087674137217,-1.6324579475547771,13,-0.48476970937033076,NA,-1.1692679333668567
H8B09,DLI-7/8,GBCS,8,NA,16,3,0,2 SPA/2 ENG,Bilingual,NA,13,0,3,0,2,NA,EPT,EPT-14,pintar,Intensional,Intensional subjunctive,Subjunctive,0,0,1,1,NA,IND,45606,22466,893704,-0.8179414916676613,-0.8828811589034609,NA,-0.8504113252855611,0.08172441174367205,19,0.16679591739220379,0.49600087674137217,-1.6324579475547771,13,-0.48476970937033076,NA,-1.1692679333668567
H8B09,DLI-7/8,GBCS,8,NA,16,3,0,2 SPA/2 ENG,Bilingual,NA,13,0,3,0,2,NA,EPT,EPT-20,tratar,Intensional,Intensional subjunctive,Subjunctive,0,0,1,1,NA,IND,590952,203027,9516595,1.4918471301070364,0.8338694835770601,NA,1.1628583068420482,0.08172441174367205,19,0.16679591739220379,0.49600087674137217,-1.6324579475547771,13,-0.48476970937033076,NA,-1.1692679333668567
H8B09,DLI-7/8,GBCS,8,NA,16,3,0,2 SPA/2 ENG,Bilingual,NA,13,0,3,0,2,NA,EPT,EPT-22,hablar,Polarity,Polarity subjunctive,Subjunctive,0,0,NA,1,NA,IND,464270,255835,8432028,0.95529117813588,1.3359611198003385,NA,1.1456261489681092,0.08172441174367205,19,0.16679591739220379,0.49600087674137217,-1.6324579475547771,13,-0.48476970937033076,NA,-1.1692679333668567
H8B09,DLI-7/8,GBCS,8,NA,16,3,0,2 SPA/2 ENG,Bilingual,NA,13,0,3,0,2,NA,EPT,EPT-26,mirar,Intensional,Intensional subjunctive,Subjunctive,0,0,1,1,NA,IND,186441,197558,3683993,-0.22144114042709193,0.7818709386879314,NA,0.28021489913041975,0.08172441174367205,19,0.16679591739220379,0.49600087674137217,-1.6324579475547771,13,-0.48476970937033076,NA,-1.1692679333668567
H8B09,DLI-7/8,GBCS,8,NA,16,3,0,2 SPA/2 ENG,Bilingual,NA,13,0,3,0,2,NA,EPT,EPT-32,llevar,Intensional,Intensional subjunctive,Subjunctive,0,0,1,1,NA,IND,418316,301022,13841181,0.7606550639532612,1.7655932733759574,NA,1.2631241686646093,0.08172441174367205,19,0.16679591739220379,0.49600087674137217,-1.6324579475547771,13,-0.48476970937033076,NA,-1.1692679333668567
H8B09,DLI-7/8,GBCS,8,NA,16,3,0,2 SPA/2 ENG,Bilingual,NA,13,0,3,0,2,NA,EPT,EPT-34,bajar,Polarity,Polarity subjunctive,Subjunctive,0,0,NA,1,NA,IND,284649,62583,1981927,0.19451445650998933,-0.5014539098054217,NA,-0.1534697266477162,0.08172441174367205,19,0.16679591739220379,0.49600087674137217,-1.6324579475547771,13,-0.48476970937033076,NA,-1.1692679333668567
H8B09,DLI-7/8,GBCS,8,NA,16,3,0,2 SPA/2 ENG,Bilingual,NA,13,0,3,0,2,NA,EPT,EPT-38,amar,Intensional,Intensional subjunctive,Subjunctive,0,0,1,1,NA,IND,60260,28864,1318934,-0.7558751292784874,-0.8220498021287954,NA,-0.7889624657036414,0.08172441174367205,19,0.16679591739220379,0.49600087674137217,-1.6324579475547771,13,-0.48476970937033076,NA,-1.1692679333668567
H8B09,DLI-7/8,GBCS,8,NA,16,3,0,2 SPA/2 ENG,Bilingual,NA,13,0,3,0,2,NA,EPT,EPT-42,cuidar,Intensional,Intensional subjunctive,Subjunctive,0,0,1,1,NA,IND,208160,26928,1534607,-0.12945128613949347,-0.8404570398149086,NA,-0.48495416297720106,0.08172441174367205,19,0.16679591739220379,0.49600087674137217,-1.6324579475547771,13,-0.48476970937033076,NA,-1.1692679333668567
H8B09,DLI-7/8,GBCS,8,NA,16,3,0,2 SPA/2 ENG,Bilingual,NA,13,0,3,0,2,NA,EPT,EPT-44,entrar,Polarity,Polarity subjunctive,Subjunctive,0,NA,NA,1,NA,IND,207551,129316,4429528,-0.13203067843477168,0.13303482599385175,NA,5.020737795400354e-4,0.08172441174367205,19,0.16679591739220379,0.49600087674137217,-1.6324579475547771,13,-0.48476970937033076,NA,-1.1692679333668567
